{"stats":{"minecraft:used":{"minecraft:water_bucket":2,"minecraft:iron_shovel":7,"minecraft:stone_pickaxe":44,"minecraft:oak_planks":4,"minecraft:chest":3,"minecraft:wooden_pickaxe":3,"minecraft:rotten_flesh":2,"create:analog_lever":1,"minecraft:torch":4,"minecraft:dirt":8,"minecraft:crafting_table":5,"minecraft:lever":1,"minecraft:apple":1,"create:mechanical_press":2,"minecraft:iron_axe":71,"minecraft:bread":3,"minecraft:iron_pickaxe":600,"create:water_wheel":2,"minecraft:cobblestone":71,"create:shaft":4,"minecraft:beef":3,"minecraft:furnace":3,"minecraft:bucket":2,"minecraft:yellow_bed":2,"minecraft:stripped_oak_log":3,"minecraft:cooked_beef":6},"minecraft:broken":{"minecraft:iron_pickaxe":2},"minecraft:crafted":{"minecraft:cooked_beef":8,"minecraft:oak_planks":84,"create:andesite_alloy":19,"minecraft:crafting_table":1,"minecraft:wooden_pickaxe":1,"create:zinc_nugget":180,"minecraft:furnace":1,"minecraft:copper_ingot":16,"minecraft:lever":1,"minecraft:bucket":1,"minecraft:bread":3,"minecraft:air":0,"create:water_wheel":1,"create:mechanical_press":1,"minecraft:iron_axe":1,"minecraft:stick":24,"minecraft:iron_ingot":21,"minecraft:iron_pickaxe":3,"minecraft:stone_pickaxe":1,"minecraft:iron_block":1,"minecraft:chest":4,"minecraft:iron_shovel":1,"create:shaft":8,"minecraft:torch":16,"create:analog_lever":1,"create:zinc_ingot":20,"minecraft:wheat":9},"minecraft:custom":{"minecraft:interact_with_furnace":42,"minecraft:mob_kills":14,"minecraft:interact_with_crafting_table":46,"minecraft:leave_game":1,"minecraft:time_since_death":113060,"minecraft:sleep_in_bed":4,"minecraft:climb_one_cm":380,"minecraft:time_since_rest":20674,"minecraft:sprint_one_cm":118184,"minecraft:damage_taken":775,"minecraft:walk_one_cm":379171,"minecraft:drop":11,"minecraft:damage_dealt":2763,"minecraft:swim_one_cm":8373,"minecraft:talked_to_villager":2,"minecraft:fly_one_cm":167684,"minecraft:open_chest":23,"minecraft:crouch_one_cm":2982,"minecraft:play_time":113060,"minecraft:sneak_time":882,"minecraft:walk_under_water_one_cm":2339,"minecraft:jump":931,"minecraft:walk_on_water_one_cm":7618,"minecraft:total_world_time":113060,"minecraft:fall_one_cm":22340},"minecraft:mined":{"create:zinc_ore":40,"create:andesite_casing":3,"minecraft:stripped_birch_log":7,"minecraft:crafting_table":4,"minecraft:lever":1,"minecraft:grass_block":12,"minecraft:tall_grass":3,"minecraft:copper_ore":23,"minecraft:cobblestone":13,"minecraft:sugar_cane":4,"minecraft:hay_block":1,"minecraft:furnace":2,"minecraft:iron_ore":11,"minecraft:andesite":37,"minecraft:yellow_bed":2,"minecraft:grass":17,"minecraft:oak_log":20,"minecraft:coal_ore":29,"minecraft:gravel":18,"minecraft:sand":91,"minecraft:dirt":9,"minecraft:stripped_oak_log":5,"minecraft:stone":456,"minecraft:oak_leaves":2,"create:analog_lever":1},"minecraft:picked_up":{"minecraft:stripped_oak_log":5,"minecraft:crafting_table":5,"minecraft:andesite":57,"minecraft:leather":4,"minecraft:wooden_pickaxe":1,"minecraft:filled_map":2,"minecraft:tuff":8,"create:raw_zinc":40,"minecraft:oak_log":20,"minecraft:yellow_bed":2,"minecraft:map":4,"minecraft:stripped_birch_log":7,"minecraft:dirt":43,"minecraft:paper":3,"minecraft:raw_copper":86,"minecraft:apple":1,"create:water_wheel":1,"minecraft:kelp":78,"minecraft:wheat_seeds":61,"create:mechanical_press":1,"create:analog_lever":1,"minecraft:iron_ingot":37,"minecraft:beef":11,"create:shaft":2,"minecraft:poppy":1,"minecraft:glass_bottle":2,"minecraft:sugar_cane":6,"minecraft:birch_sapling":1,"minecraft:furnace":3,"minecraft:stick":3,"minecraft:raw_iron":25,"minecraft:torch":1,"minecraft:dandelion":1,"create:andesite_casing":3,"minecraft:gravel":27,"minecraft:sand":91,"minecraft:diorite":3,"minecraft:spider_eye":2,"minecraft:arrow":2,"minecraft:rotten_flesh":2,"create:scoria":6,"minecraft:hay_block":1,"create:asurine":12,"minecraft:oak_sapling":8,"minecraft:coal":35,"minecraft:cobblestone":571},"minecraft:dropped":{"minecraft:gravel":4,"minecraft:iron_ingot":1,"minecraft:wheat_seeds":1,"minecraft:cooked_beef":2,"minecraft:raw_iron":7,"minecraft:dirt":3,"minecraft:andesite":1},"minecraft:killed":{"minecraft:witch":1,"minecraft:zombie_villager":1,"minecraft:spider":1,"minecraft:creeper":1,"minecraft:skeleton":1,"minecraft:zombie":4,"minecraft:cow":5}},"DataVersion":3465}