{"stats":{"minecraft:broken":{"minecraft:iron_pickaxe":2},"minecraft:used":{"minecraft:iron_shovel":7,"minecraft:chest":3,"minecraft:rotten_flesh":11,"create:analog_lever":1,"minecraft:torch":12,"minecraft:dirt":8,"create:depot":2,"minecraft:iron_axe":101,"minecraft:beef":3,"create:shaft":9,"minecraft:furnace":4,"minecraft:cooked_beef":6,"minecraft:water_bucket":4,"minecraft:stripped_birch_log":5,"minecraft:stone_pickaxe":44,"minecraft:oak_planks":4,"minecraft:wooden_pickaxe":3,"minecraft:crafting_table":5,"minecraft:lever":1,"minecraft:apple":1,"create:mechanical_press":8,"minecraft:bread":3,"minecraft:iron_pickaxe":663,"create:water_wheel":5,"minecraft:cobblestone":105,"minecraft:bucket":4,"minecraft:yellow_bed":2,"minecraft:stripped_oak_log":3},"minecraft:crafted":{"create:chute":4,"minecraft:oak_planks":84,"minecraft:furnace":2,"create:mechanical_harvester":4,"minecraft:lever":1,"create:mechanical_press":1,"minecraft:iron_axe":1,"minecraft:stone_pickaxe":1,"minecraft:chest":4,"create:analog_lever":1,"minecraft:wheat":9,"minecraft:cooked_beef":8,"create:depot":1,"create:andesite_alloy":39,"minecraft:crafting_table":1,"minecraft:wooden_pickaxe":1,"create:zinc_nugget":180,"minecraft:copper_ingot":16,"minecraft:bucket":1,"minecraft:birch_planks":8,"minecraft:bread":3,"minecraft:air":0,"create:water_wheel":2,"create:portable_storage_interface":1,"minecraft:stick":24,"minecraft:iron_pickaxe":3,"minecraft:iron_ingot":27,"minecraft:iron_block":1,"minecraft:iron_shovel":1,"create:shaft":16,"minecraft:torch":16,"create:zinc_ingot":20},"minecraft:mined":{"create:zinc_ore":40,"create:andesite_casing":8,"minecraft:stripped_birch_log":7,"minecraft:lever":1,"minecraft:grass_block":12,"minecraft:hay_block":1,"minecraft:furnace":3,"minecraft:iron_ore":11,"minecraft:andesite":60,"minecraft:stripped_oak_log":5,"minecraft:stone":464,"create:mechanical_press":3,"create:analog_lever":1,"minecraft:crafting_table":4,"minecraft:cobblestone":36,"minecraft:tall_grass":3,"minecraft:copper_ore":23,"minecraft:sugar_cane":6,"minecraft:yellow_bed":2,"minecraft:grass":17,"minecraft:oak_log":20,"minecraft:coal_ore":29,"minecraft:gravel":18,"minecraft:sand":91,"minecraft:dirt":9,"minecraft:oak_leaves":2},"minecraft:killed":{"minecraft:witch":1,"minecraft:spider":2,"minecraft:skeleton":1,"minecraft:zombie_villager":1,"minecraft:creeper":1,"minecraft:sheep":1,"minecraft:zombie":16,"minecraft:cow":5},"minecraft:dropped":{"minecraft:iron_ingot":3,"minecraft:wheat_seeds":1,"minecraft:cooked_beef":2,"minecraft:dirt":3,"minecraft:gravel":4,"create:shaft":1,"minecraft:raw_iron":11,"minecraft:andesite":1},"minecraft:custom":{"minecraft:mob_kills":28,"minecraft:interact_with_crafting_table":63,"minecraft:leave_game":2,"minecraft:time_since_death":9045,"minecraft:climb_one_cm":380,"minecraft:sprint_one_cm":203570,"minecraft:walk_one_cm":504460,"minecraft:drop":16,"minecraft:talked_to_villager":2,"minecraft:play_time":152696,"minecraft:deaths":2,"minecraft:sneak_time":1080,"minecraft:walk_under_water_one_cm":2437,"minecraft:jump":1228,"minecraft:interact_with_blast_furnace":1,"minecraft:walk_on_water_one_cm":15876,"minecraft:total_world_time":152696,"minecraft:interact_with_furnace":52,"minecraft:interact_with_stonecutter":1,"minecraft:sleep_in_bed":5,"minecraft:time_since_rest":5838,"minecraft:damage_taken":1275,"minecraft:damage_dealt":5442,"minecraft:swim_one_cm":10089,"minecraft:fly_one_cm":219965,"minecraft:player_kills":2,"minecraft:open_chest":34,"minecraft:crouch_one_cm":3475,"minecraft:fall_one_cm":26284},"minecraft:picked_up":{"minecraft:crafting_table":5,"minecraft:wooden_pickaxe":1,"create:mechanical_harvester":3,"minecraft:string":4,"minecraft:raw_copper":86,"minecraft:iron_axe":2,"minecraft:iron_shovel":2,"create:chute":4,"create:water_wheel":3,"create:mechanical_press":7,"minecraft:bucket":4,"minecraft:beef":11,"minecraft:poppy":1,"minecraft:iron_pickaxe":2,"minecraft:sugar_cane":10,"minecraft:birch_sapling":3,"minecraft:furnace":3,"minecraft:raw_iron":25,"minecraft:stick":7,"minecraft:torch":21,"create:andesite_casing":11,"minecraft:diorite":3,"minecraft:arrow":6,"minecraft:rotten_flesh":16,"create:scoria":6,"minecraft:hay_block":1,"create:asurine":12,"create:depot":1,"minecraft:mutton":2,"minecraft:cobblestone":846,"minecraft:white_wool":1,"minecraft:stripped_oak_log":5,"minecraft:andesite":100,"minecraft:leather":4,"minecraft:filled_map":2,"minecraft:birch_planks":2,"minecraft:tuff":8,"create:raw_zinc":40,"minecraft:oak_log":21,"create:andesite_alloy":15,"minecraft:yellow_bed":2,"minecraft:map":4,"minecraft:stripped_birch_log":14,"minecraft:dirt":93,"minecraft:paper":3,"minecraft:apple":1,"minecraft:kelp":78,"minecraft:wheat_seeds":61,"create:analog_lever":3,"minecraft:iron_ingot":63,"create:shaft":11,"minecraft:glass_bottle":2,"minecraft:oak_planks":2,"minecraft:dandelion":1,"minecraft:gravel":35,"minecraft:sand":93,"minecraft:spider_eye":2,"create:zinc_nugget":14,"minecraft:lever":2,"minecraft:oak_sapling":8,"minecraft:coal":35},"minecraft:killed_by":{"minecraft:player":1,"minecraft:zombie":1}},"DataVersion":3465}