{"stats":{"minecraft:broken":{"minecraft:iron_pickaxe":2},"minecraft:used":{"minecraft:water_bucket":4,"minecraft:iron_shovel":7,"minecraft:stripped_birch_log":5,"minecraft:stone_pickaxe":44,"minecraft:oak_planks":4,"minecraft:chest":3,"minecraft:wooden_pickaxe":3,"minecraft:rotten_flesh":7,"create:analog_lever":1,"minecraft:torch":12,"minecraft:dirt":8,"minecraft:crafting_table":5,"create:depot":2,"minecraft:lever":1,"minecraft:apple":1,"create:mechanical_press":8,"minecraft:iron_axe":85,"minecraft:bread":3,"minecraft:iron_pickaxe":632,"create:water_wheel":5,"minecraft:cobblestone":99,"create:shaft":9,"minecraft:beef":3,"minecraft:furnace":3,"minecraft:bucket":4,"minecraft:yellow_bed":2,"minecraft:stripped_oak_log":3,"minecraft:cooked_beef":6},"minecraft:crafted":{"minecraft:cooked_beef":8,"create:depot":1,"minecraft:oak_planks":84,"create:andesite_alloy":26,"minecraft:crafting_table":1,"minecraft:wooden_pickaxe":1,"create:zinc_nugget":180,"minecraft:furnace":1,"minecraft:copper_ingot":16,"create:mechanical_harvester":3,"minecraft:birch_planks":8,"minecraft:bucket":1,"minecraft:lever":1,"minecraft:bread":3,"minecraft:air":0,"create:water_wheel":2,"create:mechanical_press":1,"minecraft:iron_axe":1,"minecraft:stick":24,"minecraft:iron_ingot":23,"minecraft:iron_pickaxe":3,"minecraft:stone_pickaxe":1,"minecraft:iron_block":1,"minecraft:chest":4,"minecraft:iron_shovel":1,"create:shaft":16,"minecraft:torch":16,"create:zinc_ingot":20,"create:analog_lever":1,"create:chute":4,"minecraft:wheat":9},"minecraft:mined":{"create:zinc_ore":40,"create:andesite_casing":8,"minecraft:stripped_birch_log":7,"minecraft:crafting_table":4,"minecraft:lever":1,"minecraft:grass_block":12,"minecraft:copper_ore":23,"minecraft:tall_grass":3,"minecraft:cobblestone":30,"minecraft:sugar_cane":4,"minecraft:hay_block":1,"minecraft:furnace":3,"minecraft:iron_ore":11,"minecraft:andesite":37,"minecraft:yellow_bed":2,"minecraft:grass":17,"minecraft:coal_ore":29,"minecraft:oak_log":20,"minecraft:gravel":18,"minecraft:sand":91,"minecraft:dirt":9,"minecraft:stripped_oak_log":5,"minecraft:stone":462,"create:mechanical_press":3,"minecraft:oak_leaves":2,"create:analog_lever":1},"minecraft:killed":{"minecraft:witch":1,"minecraft:zombie_villager":1,"minecraft:spider":2,"minecraft:creeper":1,"minecraft:skeleton":1,"minecraft:zombie":9,"minecraft:cow":5},"minecraft:dropped":{"minecraft:gravel":4,"minecraft:iron_ingot":3,"minecraft:wheat_seeds":1,"create:shaft":1,"minecraft:cooked_beef":2,"minecraft:raw_iron":11,"minecraft:dirt":3,"minecraft:andesite":1},"minecraft:custom":{"minecraft:interact_with_furnace":48,"minecraft:mob_kills":20,"minecraft:interact_with_crafting_table":58,"minecraft:interact_with_stonecutter":1,"minecraft:leave_game":1,"minecraft:time_since_death":27516,"minecraft:sleep_in_bed":4,"minecraft:climb_one_cm":380,"minecraft:time_since_rest":27545,"minecraft:sprint_one_cm":162367,"minecraft:damage_taken":1065,"minecraft:walk_one_cm":486884,"minecraft:drop":16,"minecraft:damage_dealt":3962,"minecraft:player_kills":2,"minecraft:swim_one_cm":8373,"minecraft:talked_to_villager":2,"minecraft:fly_one_cm":186954,"minecraft:open_chest":31,"minecraft:crouch_one_cm":3475,"minecraft:play_time":141741,"minecraft:deaths":1,"minecraft:sneak_time":1072,"minecraft:walk_under_water_one_cm":2339,"minecraft:jump":1066,"minecraft:interact_with_blast_furnace":1,"minecraft:walk_on_water_one_cm":9600,"minecraft:total_world_time":141741,"minecraft:fall_one_cm":23656},"minecraft:picked_up":{"minecraft:stripped_oak_log":5,"minecraft:crafting_table":5,"minecraft:andesite":74,"minecraft:leather":4,"minecraft:wooden_pickaxe":1,"minecraft:filled_map":2,"create:andesite_alloy":14,"minecraft:tuff":8,"create:raw_zinc":40,"minecraft:oak_log":20,"minecraft:yellow_bed":2,"minecraft:string":2,"minecraft:map":4,"minecraft:dirt":62,"minecraft:stripped_birch_log":14,"minecraft:paper":3,"minecraft:iron_axe":1,"minecraft:raw_copper":86,"minecraft:iron_shovel":1,"minecraft:apple":1,"create:water_wheel":3,"minecraft:kelp":78,"minecraft:wheat_seeds":61,"create:mechanical_press":7,"minecraft:bucket":2,"minecraft:iron_ingot":63,"minecraft:beef":11,"create:analog_lever":2,"create:shaft":6,"minecraft:iron_pickaxe":1,"minecraft:poppy":1,"minecraft:glass_bottle":2,"minecraft:sugar_cane":6,"minecraft:birch_sapling":2,"minecraft:oak_planks":2,"minecraft:furnace":3,"minecraft:stick":5,"minecraft:raw_iron":25,"minecraft:torch":15,"minecraft:dandelion":1,"create:andesite_casing":9,"minecraft:gravel":31,"minecraft:sand":92,"minecraft:diorite":3,"minecraft:spider_eye":2,"minecraft:arrow":4,"minecraft:rotten_flesh":7,"minecraft:lever":1,"create:scoria":6,"create:zinc_nugget":14,"minecraft:hay_block":1,"create:depot":1,"create:asurine":12,"minecraft:oak_sapling":8,"minecraft:coal":35,"minecraft:cobblestone":722},"minecraft:killed_by":{"minecraft:player":1}},"DataVersion":3465}