{"stats":{"minecraft:broken":{"minecraft:stone_pickaxe":3,"minecraft:stone_axe":1,"minecraft:iron_pickaxe":2},"minecraft:used":{"minecraft:iron_shovel":150,"minecraft:chest":4,"minecraft:stone":11,"minecraft:rotten_flesh":2,"minecraft:torch":3,"minecraft:dirt":9,"minecraft:iron_axe":62,"minecraft:furnace":5,"minecraft:cooked_beef":2,"minecraft:stone_pickaxe":487,"minecraft:oak_planks":1,"minecraft:wooden_pickaxe":16,"minecraft:stonecutter":1,"minecraft:sand":19,"minecraft:crafting_table":8,"minecraft:blast_furnace":1,"minecraft:white_bed":4,"minecraft:smoker":1,"minecraft:oak_log":1,"minecraft:bread":2,"minecraft:iron_pickaxe":678,"minecraft:map":2,"minecraft:iron_door":2,"minecraft:stone_axe":108,"minecraft:cobblestone":15,"minecraft:andesite":1,"minecraft:yellow_bed":1,"minecraft:dandelion":1},"minecraft:crafted":{"minecraft:oak_planks":80,"minecraft:smooth_stone":17,"minecraft:cobblestone_slab":6,"minecraft:furnace":3,"minecraft:blast_furnace":1,"minecraft:stone":31,"minecraft:iron_axe":1,"minecraft:stone_pickaxe":5,"minecraft:chest":4,"minecraft:iron_door":3,"minecraft:smoker":1,"minecraft:crafting_table":7,"minecraft:wooden_pickaxe":1,"minecraft:bucket":1,"minecraft:stone_axe":1,"minecraft:stick":28,"minecraft:iron_ingot":145,"minecraft:iron_pickaxe":3,"minecraft:iron_shovel":1,"minecraft:stonecutter":1,"minecraft:torch":4,"create:zinc_ingot":1},"minecraft:mined":{"create:zinc_ore":4,"minecraft:diamond_ore":1,"create:deepslate_zinc_ore":10,"minecraft:tuff":8,"minecraft:white_bed":3,"minecraft:deepslate_diamond_ore":3,"minecraft:oak_door":1,"minecraft:glow_lichen":1,"minecraft:granite":63,"minecraft:grass_block":14,"create:depot":1,"minecraft:oak_pressure_plate":1,"minecraft:redstone_ore":3,"create:shaft":5,"minecraft:furnace":4,"minecraft:iron_ore":135,"minecraft:andesite":20,"create:asurine":12,"minecraft:deepslate_iron_ore":28,"minecraft:oak_stairs":2,"minecraft:green_carpet":2,"minecraft:stripped_oak_log":1,"minecraft:stone":565,"create:mechanical_press":4,"minecraft:deepslate_redstone_ore":1,"minecraft:kelp_plant":9,"minecraft:smoker":1,"minecraft:dandelion":2,"minecraft:oak_fence":1,"minecraft:crafting_table":2,"minecraft:torch":4,"minecraft:blast_furnace":1,"minecraft:poppy":1,"create:scoria":7,"create:water_wheel":3,"minecraft:cobblestone":4,"minecraft:tall_grass":57,"minecraft:copper_ore":8,"minecraft:lapis_ore":10,"minecraft:sugar_cane":4,"minecraft:oak_planks":10,"minecraft:diorite":61,"minecraft:iron_door":1,"minecraft:wall_torch":1,"minecraft:deepslate_copper_ore":4,"minecraft:yellow_bed":1,"minecraft:grass":478,"minecraft:coal_ore":101,"minecraft:oak_log":69,"minecraft:gravel":5,"minecraft:sand":150,"minecraft:dirt":19,"minecraft:stonecutter":1,"minecraft:gold_ore":14,"minecraft:oak_leaves":20,"minecraft:deepslate":56},"minecraft:killed":{"minecraft:pig":4,"minecraft:zombie":6,"minecraft:cow":1},"minecraft:dropped":{"minecraft:iron_ingot":73,"create:analog_lever":1,"minecraft:oak_log":94,"minecraft:cobblestone":98,"minecraft:leather":2,"minecraft:granite":63,"minecraft:torch":4,"minecraft:oak_stairs":2,"create:iron_sheet":2,"minecraft:sand":130,"minecraft:smooth_stone":1,"minecraft:oak_door":1,"minecraft:gravel":4,"minecraft:lever":2,"create:shaft":2,"minecraft:raw_iron":14,"minecraft:oak_planks":9,"create:asurine":12,"minecraft:cobblestone_slab":6,"minecraft:andesite":19,"create:water_wheel":1,"create:mechanical_press":2},"minecraft:picked_up":{"minecraft:crafting_table":2,"minecraft:wooden_pickaxe":1,"minecraft:oak_stairs":4,"minecraft:raw_copper":39,"minecraft:iron_axe":2,"minecraft:iron_shovel":1,"create:water_wheel":1,"minecraft:smooth_stone":29,"create:mechanical_press":3,"minecraft:cobbled_deepslate":149,"minecraft:bucket":1,"minecraft:poppy":2,"minecraft:iron_pickaxe":2,"minecraft:sugar_cane":4,"minecraft:furnace":6,"minecraft:stick":29,"minecraft:raw_iron":192,"minecraft:stone":11,"minecraft:oak_door":3,"minecraft:oak_fence":1,"minecraft:torch":12,"minecraft:porkchop":20,"minecraft:diorite":180,"minecraft:redstone":19,"create:zinc_ingot":14,"minecraft:rotten_flesh":17,"create:scoria":12,"create:asurine":24,"minecraft:cobblestone":1242,"minecraft:stripped_oak_log":4,"create:iron_sheet":3,"minecraft:cooked_beef":2,"minecraft:iron_door":1,"minecraft:andesite":22,"minecraft:leather":6,"minecraft:smoker":1,"minecraft:filled_map":2,"minecraft:tuff":16,"create:raw_zinc":14,"minecraft:oak_log":304,"minecraft:yellow_bed":1,"minecraft:map":4,"minecraft:lapis_lazuli":66,"minecraft:paper":3,"minecraft:dirt":59,"minecraft:kelp":101,"minecraft:stonecutter":1,"minecraft:stone_pickaxe":4,"minecraft:wheat_seeds":118,"create:analog_lever":1,"minecraft:raw_gold":14,"minecraft:iron_ingot":235,"create:shaft":7,"minecraft:oak_planks":60,"minecraft:cooked_porkchop":10,"minecraft:dandelion":3,"minecraft:oak_pressure_plate":2,"minecraft:gravel":6,"minecraft:sand":406,"minecraft:blast_furnace":1,"minecraft:white_bed":4,"minecraft:green_carpet":2,"minecraft:diamond":4,"minecraft:stone_axe":2,"minecraft:lever":4,"minecraft:granite":252,"minecraft:oak_sapling":11,"minecraft:coal":172},"minecraft:custom":{"minecraft:interact_with_smithing_table":1,"minecraft:mob_kills":12,"minecraft:interact_with_crafting_table":44,"minecraft:leave_game":2,"minecraft:time_since_death":13383,"minecraft:climb_one_cm":1003,"minecraft:sprint_one_cm":222355,"minecraft:walk_one_cm":466890,"minecraft:drop":41,"minecraft:talked_to_villager":4,"minecraft:play_time":142954,"minecraft:deaths":5,"minecraft:sneak_time":926,"minecraft:walk_under_water_one_cm":9611,"minecraft:jump":887,"minecraft:interact_with_blast_furnace":3,"minecraft:walk_on_water_one_cm":11022,"minecraft:total_world_time":142954,"minecraft:interact_with_furnace":29,"minecraft:interact_with_stonecutter":1,"minecraft:sleep_in_bed":7,"minecraft:time_since_rest":7406,"minecraft:damage_taken":1430,"minecraft:damage_dealt":2951,"minecraft:swim_one_cm":32444,"minecraft:fly_one_cm":99573,"minecraft:player_kills":1,"minecraft:open_chest":29,"minecraft:crouch_one_cm":1807,"minecraft:interact_with_smoker":1,"minecraft:fall_one_cm":18484},"minecraft:killed_by":{"minecraft:player":2,"minecraft:zombie":2}},"DataVersion":3465}