{"stats":{"minecraft:broken":{"minecraft:stone_pickaxe":3,"minecraft:stone_axe":1,"minecraft:iron_pickaxe":2},"minecraft:used":{"minecraft:stone_pickaxe":487,"minecraft:oak_planks":1,"minecraft:chest":2,"minecraft:wooden_pickaxe":16,"minecraft:stonecutter":1,"minecraft:rotten_flesh":2,"minecraft:torch":3,"minecraft:blast_furnace":1,"minecraft:dirt":9,"minecraft:crafting_table":7,"minecraft:white_bed":2,"minecraft:smoker":1,"minecraft:iron_axe":32,"minecraft:bread":2,"minecraft:iron_pickaxe":631,"minecraft:map":2,"minecraft:stone_axe":108,"minecraft:cobblestone":14,"minecraft:furnace":4,"minecraft:andesite":1,"minecraft:yellow_bed":1,"minecraft:cooked_beef":2,"minecraft:dandelion":1},"minecraft:crafted":{"minecraft:smooth_stone":17,"minecraft:oak_planks":64,"minecraft:cobblestone_slab":6,"minecraft:crafting_table":6,"minecraft:wooden_pickaxe":1,"minecraft:furnace":3,"minecraft:blast_furnace":1,"minecraft:stone":31,"minecraft:bucket":1,"minecraft:stone_axe":1,"minecraft:iron_axe":1,"minecraft:stick":28,"minecraft:iron_ingot":89,"minecraft:iron_pickaxe":3,"minecraft:stone_pickaxe":5,"minecraft:chest":2,"minecraft:stonecutter":1,"minecraft:torch":4,"minecraft:smoker":1},"minecraft:mined":{"create:zinc_ore":4,"minecraft:deepslate_redstone_ore":1,"minecraft:diamond_ore":1,"minecraft:tuff":8,"create:deepslate_zinc_ore":10,"minecraft:white_bed":1,"minecraft:deepslate_diamond_ore":3,"minecraft:kelp_plant":9,"minecraft:dandelion":2,"minecraft:crafting_table":2,"minecraft:glow_lichen":1,"minecraft:granite":63,"minecraft:grass_block":14,"minecraft:poppy":1,"create:scoria":7,"create:water_wheel":1,"minecraft:copper_ore":8,"minecraft:tall_grass":57,"minecraft:cobblestone":1,"minecraft:lapis_ore":10,"minecraft:oak_planks":1,"minecraft:sugar_cane":4,"minecraft:diorite":61,"minecraft:wall_torch":1,"minecraft:deepslate_copper_ore":4,"minecraft:redstone_ore":3,"create:shaft":2,"minecraft:furnace":3,"minecraft:iron_ore":135,"minecraft:andesite":20,"minecraft:yellow_bed":1,"create:asurine":12,"minecraft:grass":477,"minecraft:oak_log":69,"minecraft:coal_ore":101,"minecraft:deepslate_iron_ore":28,"minecraft:gravel":5,"minecraft:dirt":19,"minecraft:stone":539,"minecraft:gold_ore":14,"create:mechanical_press":1,"minecraft:oak_leaves":20,"minecraft:deepslate":56},"minecraft:killed":{"minecraft:pig":4,"minecraft:zombie":5,"minecraft:cow":1},"minecraft:dropped":{"minecraft:gravel":4,"minecraft:iron_ingot":44,"create:analog_lever":1,"create:shaft":2,"minecraft:raw_iron":14,"minecraft:cobblestone":33,"minecraft:oak_planks":5,"create:asurine":12,"minecraft:cobblestone_slab":6,"minecraft:andesite":19,"create:water_wheel":1,"minecraft:smooth_stone":1,"create:mechanical_press":1},"minecraft:picked_up":{"minecraft:crafting_table":2,"minecraft:cooked_beef":2,"minecraft:andesite":22,"minecraft:leather":2,"minecraft:wooden_pickaxe":1,"minecraft:filled_map":2,"minecraft:tuff":16,"create:raw_zinc":14,"minecraft:oak_log":112,"minecraft:yellow_bed":1,"minecraft:lapis_lazuli":66,"minecraft:map":4,"minecraft:dirt":59,"minecraft:paper":3,"minecraft:raw_copper":39,"create:water_wheel":1,"minecraft:kelp":101,"minecraft:wheat_seeds":114,"minecraft:cobbled_deepslate":55,"create:mechanical_press":1,"minecraft:smooth_stone":1,"minecraft:raw_gold":14,"minecraft:iron_ingot":12,"create:analog_lever":1,"minecraft:stone_pickaxe":2,"create:shaft":2,"minecraft:poppy":2,"minecraft:sugar_cane":4,"minecraft:oak_planks":21,"minecraft:furnace":3,"minecraft:stick":7,"minecraft:raw_iron":184,"minecraft:torch":1,"minecraft:dandelion":3,"minecraft:gravel":6,"minecraft:porkchop":10,"minecraft:diorite":64,"minecraft:white_bed":2,"minecraft:redstone":19,"minecraft:rotten_flesh":5,"minecraft:diamond":4,"minecraft:stone_axe":2,"create:scoria":12,"minecraft:lever":1,"minecraft:granite":63,"create:asurine":24,"minecraft:oak_sapling":11,"minecraft:coal":122,"minecraft:cobblestone":676},"minecraft:custom":{"minecraft:interact_with_smithing_table":1,"minecraft:interact_with_furnace":26,"minecraft:mob_kills":11,"minecraft:interact_with_crafting_table":31,"minecraft:interact_with_stonecutter":1,"minecraft:leave_game":1,"minecraft:time_since_death":67292,"minecraft:sleep_in_bed":5,"minecraft:climb_one_cm":531,"minecraft:time_since_rest":22524,"minecraft:sprint_one_cm":174857,"minecraft:damage_taken":1108,"minecraft:walk_one_cm":333413,"minecraft:drop":21,"minecraft:damage_dealt":2202,"minecraft:swim_one_cm":32444,"minecraft:fly_one_cm":75573,"minecraft:open_chest":18,"minecraft:crouch_one_cm":1729,"minecraft:play_time":106166,"minecraft:deaths":3,"minecraft:sneak_time":859,"minecraft:walk_under_water_one_cm":9611,"minecraft:jump":738,"minecraft:interact_with_blast_furnace":1,"minecraft:walk_on_water_one_cm":7831,"minecraft:total_world_time":106166,"minecraft:fall_one_cm":15165},"minecraft:killed_by":{"minecraft:zombie":2}},"DataVersion":3465}